Generator,cost_per_h,cost_per_mwh,cost_per_mw2h,max_power_mw,min_power_mw,max_fast_reserve_mw,fast_reserve_cost_per_mw,max_slow_reserve_mw,slow_reserve_cost_per_mw,total_power_hours,startup_cost,shutdown_cost
U1,1000,16.19,0.00048,455,150,305,0,305,0,2.275,4500,4500
U2,970,17.26,0.00031,455,150,305,0,305,0,2.275,5000,5000
U3,700,16.6,0.002,130,20,110,0,110,0,1.625,550,550
U4,680,16.5,0.00211,130,20,110,0,110,0,1.625,560,560
U7,480,27.74,0.00079,85,25,60,0,60,0,1.0625,260,260
U8,660,25.92,0.00413,55,10,45,0,45,0,0.916666667,30,30
U9,665,27.27,0.00222,55,10,45,0,45,0,0.916666667,30,30
U10,670,27.79,0.00173,55,10,45,0,45,0,0.916666667,30,30
